country,year,Unit,real_exports,real_imports
Australia,1980,US$,36745372277,31513002333
Australia,1981,US$,37613019904,35158280862
Australia,1982,US$,37808808757,32191110249
Australia,1983,US$,40693780818,34118515392
Australia,1984,US$,46976505269,39795964942
Australia,1985,US$,48753755276,39702680256
Australia,1986,US$,53641484148,37824787754
Australia,1987,US$,58174345723,42070676150
Australia,1988,US$,58777445316,52538653153
Australia,1989,US$,61522568196,55490037126
Australia,1990,US$,68448016174,52318357777
Australia,1991,US$,74919537020,54148890361
Australia,1992,US$,80471549501,57719541140
Australia,1993,US$,88107314777,62049385754
Australia,1994,US$,91995704711,72190148778
Australia,1995,US$,1.01158E+11,75573512609
Australia,1996,US$,1.12168E+11,83050639040
Australia,1997,US$,1.17304E+11,91560355195
Australia,1998,US$,1.19551E+11,96241811321
Australia,1999,US$,1.31377E+11,1.07837E+11
Australia,2000,US$,1.42731E+11,1.06786E+11
Australia,2001,US$,1.41948E+11,1.08227E+11
Australia,2002,US$,1.42655E+11,1.22509E+11
Australia,2003,US$,1.44495E+11,1.39047E+11
Australia,2004,US$,1.49494E+11,1.56428E+11
Australia,2005,US$,1.53935E+11,1.69152E+11
Australia,2006,US$,1.6031E+11,1.87022E+11
Australia,2007,US$,1.66737E+11,2.14033E+11
Australia,2008,US$,1.70747E+11,2.06704E+11
Australia,2009,US$,1.78769E+11,2.2146E+11
Australia,2010,US$,1.80306E+11,2.44197E+11
Australia,2011,US$,1.88605E+11,2.71941E+11
Australia,2012,US$,1.98608E+11,2.72686E+11
Australia,2013,US$,2.10431E+11,2.66325E+11
Australia,2014,US$,2.24806E+11,2.68892E+11
Australia,2015,US$,2.40183E+11,2.68573E+11
Australia,2016,US$,2.53406E+11,2.81537E+11
Australia,2017,US$,2.63845E+11,3.02013E+11
Australia,2018,US$,2.74343E+11,3.02651E+11
Austria,1980,US$,42440071167,50349334428
Austria,1981,US$,44512608655,50044050156
Austria,1982,US$,44474809330,48227980367
Austria,1983,US$,45179267919,50242419282
Austria,1984,US$,48938315901,53580180484
Austria,1985,US$,53320448801,56547421330
Austria,1986,US$,51159775661,54544939486
Austria,1987,US$,52915491477,56635663230
Austria,1988,US$,57284691105,61983467228
Austria,1989,US$,63324829707,68279973271
Austria,1990,US$,68753173691,73728940684
Austria,1991,US$,70772657972,77499708285
Austria,1992,US$,71706422218,79139687327
Austria,1993,US$,70004713185,74795336451
Austria,1994,US$,73986643441,82522838197
Austria,1995,US$,79317672249,87395715401
Austria,1996,US$,82996812746,91040885182
Austria,1997,US$,92149552696,97659740263
Austria,1998,US$,99384660733,1.03283E+11
Austria,1999,US$,1.05779E+11,1.0748E+11
Austria,2000,US$,1.20085E+11,1.18428E+11
Austria,2001,US$,1.27015E+11,1.24577E+11
Austria,2002,US$,1.32459E+11,1.2494E+11
Austria,2003,US$,1.33163E+11,1.29322E+11
Austria,2004,US$,1.44697E+11,1.39635E+11
Austria,2005,US$,1.54341E+11,1.47252E+11
Austria,2006,US$,1.66034E+11,1.55873E+11
Austria,2007,US$,1.78606E+11,1.64657E+11
Austria,2008,US$,1.82483E+11,1.66228E+11
Austria,2009,US$,1.56264E+11,1.46448E+11
Austria,2010,US$,1.76783E+11,1.63977E+11
Austria,2011,US$,1.87275E+11,1.73741E+11
Austria,2012,US$,1.89968E+11,1.75346E+11
Austria,2013,US$,1.91185E+11,1.76563E+11
Austria,2014,US$,1.96706E+11,1.81783E+11
Austria,2015,US$,2.02703E+11,1.88382E+11
Austria,2016,US$,2.0876E+11,1.95401E+11
Austria,2017,US$,2.18986E+11,2.05853E+11
Austria,2018,US$,2.31137E+11,2.16206E+11
Belgium,1980,US$,90268426802,94917241274
Belgium,1981,US$,93329877502,93080398742
Belgium,1982,US$,95923342467,94341401423
Belgium,1983,US$,98442859347,93178897664
Belgium,1984,US$,1.04814E+11,99135376421
Belgium,1985,US$,1.05163E+11,99539113761
Belgium,1986,US$,1.08041E+11,1.04107E+11
Belgium,1987,US$,1.13407E+11,1.11137E+11
Belgium,1988,US$,1.24331E+11,1.22718E+11
Belgium,1989,US$,1.34466E+11,1.34613E+11
Belgium,1990,US$,1.40617E+11,1.41167E+11
Belgium,1991,US$,1.44913E+11,1.45204E+11
Belgium,1992,US$,1.50227E+11,1.51182E+11
Belgium,1993,US$,1.49562E+11,1.50636E+11
Belgium,1994,US$,1.62017E+11,1.61603E+11
Belgium,1995,US$,1.70105E+11,1.6912E+11
Belgium,1996,US$,1.78568E+11,1.78514E+11
Belgium,1997,US$,1.95515E+11,1.93156E+11
Belgium,1998,US$,2.03605E+11,2.02926E+11
Belgium,1999,US$,2.13478E+11,2.09771E+11
Belgium,2000,US$,2.39943E+11,2.37074E+11
Belgium,2001,US$,2.40855E+11,2.35283E+11
Belgium,2002,US$,2.49161E+11,2.37768E+11
Belgium,2003,US$,2.53186E+11,2.41238E+11
Belgium,2004,US$,2.68866E+11,2.56452E+11
Belgium,2005,US$,2.83684E+11,2.72933E+11
Belgium,2006,US$,2.99856E+11,2.86967E+11
Belgium,2007,US$,3.16156E+11,3.02977E+11
Belgium,2008,US$,3.21871E+11,3.14506E+11
Belgium,2009,US$,2.85579E+11,2.80354E+11
Belgium,2010,US$,3.15391E+11,3.07514E+11
Belgium,2011,US$,3.29997E+11,3.24812E+11
Belgium,2012,US$,3.28391E+11,3.2262E+11
Belgium,2013,US$,3.29549E+11,3.2193E+11
Belgium,2014,US$,3.46675E+11,3.39728E+11
Belgium,2015,US$,3.59577E+11,3.53023E+11
Belgium,2016,US$,3.81877E+11,3.79329E+11
Belgium,2017,US$,4.0277E+11,3.99127E+11
Belgium,2018,US$,4.05141E+11,4.04154E+11
Brazil,1980,US$,27419790591,43562822593
Brazil,1981,US$,33274682779,38177883206
Brazil,1982,US$,30216116598,35885557625
Brazil,1983,US$,34528398911,29624426292
Brazil,1984,US$,42118777737,28740500984
Brazil,1985,US$,45084727547,28755969644
Brazil,1986,US$,40317355473,36987056042
Brazil,1987,US$,48074494885,35898551682
Brazil,1988,US$,54355971521,35499978775
Brazil,1989,US$,57106874063,38686742645
Brazil,1990,US$,54296156898,42581094873
Brazil,1991,US$,60069328313,50534286526
Brazil,1992,US$,70007854450,52822442789
Brazil,1993,US$,78185727860,66967408776
Brazil,1994,US$,81320645724,80593655794
Brazil,1995,US$,79667544182,1.05324E+11
Brazil,1996,US$,79333577078,1.11216E+11
Brazil,1997,US$,88075712269,1.27449E+11
Brazil,1998,US$,92398908069,1.27376E+11
Brazil,1999,US$,97671630717,1.0815E+11
Brazil,2000,US$,1.10233E+11,1.19829E+11
Brazil,2001,US$,1.21308E+11,1.21645E+11
Brazil,2002,US$,1.30306E+11,1.07266E+11
Brazil,2003,US$,1.43856E+11,1.0553E+11
Brazil,2004,US$,1.64678E+11,1.16448E+11
Brazil,2005,US$,1.8056E+11,1.25136E+11
Brazil,2006,US$,1.89294E+11,1.47364E+11
Brazil,2007,US$,2.00985E+11,1.76184E+11
Brazil,2008,US$,2.01808E+11,2.06181E+11
Brazil,2009,US$,1.83146E+11,1.90507E+11
Brazil,2010,US$,2.04614E+11,2.54592E+11
Brazil,2011,US$,2.14414E+11,2.7858E+11
Brazil,2012,US$,2.14995E+11,2.80602E+11
Brazil,2013,US$,2.20142E+11,3.00916E+11
Brazil,2014,US$,2.17646E+11,2.95157E+11
Brazil,2015,US$,2.32489E+11,2.53273E+11
Brazil,2016,US$,2.34495E+11,2.27077E+11
Brazil,2017,US$,2.46006E+11,2.42329E+11
Brazil,2018,US$,2.55845E+11,2.6255E+11
Canada,1980,US$,1.17546E+11,1.0765E+11
Canada,1981,US$,1.19559E+11,1.09827E+11
Canada,1982,US$,1.17909E+11,92390326065
Canada,1983,US$,1.24729E+11,1.01727E+11
Canada,1984,US$,1.47955E+11,1.1941E+11
Canada,1985,US$,1.54589E+11,1.29274E+11
Canada,1986,US$,1.61544E+11,1.37769E+11
Canada,1987,US$,1.66703E+11,1.4521E+11
Canada,1988,US$,1.81883E+11,1.6485E+11
Canada,1989,US$,1.83445E+11,1.74428E+11
Canada,1990,US$,1.91784E+11,1.77811E+11
Canada,1991,US$,1.94895E+11,1.82278E+11
Canada,1992,US$,2.09384E+11,1.91625E+11
Canada,1993,US$,2.31988E+11,2.05964E+11
Canada,1994,US$,2.61718E+11,2.23052E+11
Canada,1995,US$,2.84923E+11,2.35952E+11
Canada,1996,US$,3.0123E+11,2.48604E+11
Canada,1997,US$,3.27124E+11,2.84302E+11
Canada,1998,US$,3.58257E+11,2.99364E+11
Canada,1999,US$,3.97051E+11,3.23478E+11
Canada,2000,US$,4.32887E+11,3.50932E+11
Canada,2001,US$,4.20332E+11,3.33714E+11
Canada,2002,US$,4.25498E+11,3.39927E+11
Canada,2003,US$,4.18226E+11,3.54317E+11
Canada,2004,US$,4.41356E+11,3.84455E+11
Canada,2005,US$,4.51384E+11,4.1271E+11
Canada,2006,US$,4.55362E+11,4.34669E+11
Canada,2007,US$,4.60542E+11,4.5977E+11
Canada,2008,US$,4.39615E+11,4.63886E+11
Canada,2009,US$,3.82619E+11,4.06389E+11
Canada,2010,US$,4.08168E+11,4.62424E+11
Canada,2011,US$,4.27873E+11,4.88292E+11
Canada,2012,US$,4.39917E+11,5.064E+11
Canada,2013,US$,4.50742E+11,5.1692E+11
Canada,2014,US$,4.79241E+11,5.30003E+11
Canada,2015,US$,4.95627E+11,5.33985E+11
Canada,2016,US$,5.02598E+11,5.34256E+11
Canada,2017,US$,5.09861E+11,5.58978E+11
Canada,2018,US$,5.28642E+11,5.77722E+11
"China, Hong Kong SAR",1980,US$,34478080977,35166122452
"China, Hong Kong SAR",1981,US$,39028705248,39479109043
"China, Hong Kong SAR",1982,US$,38364628529,38647138120
"China, Hong Kong SAR",1983,US$,42932177542,42204531033
"China, Hong Kong SAR",1984,US$,51042639164,48105963016
"China, Hong Kong SAR",1985,US$,53676254351,50875802086
"China, Hong Kong SAR",1986,US$,60726851034,56751691102
"China, Hong Kong SAR",1987,US$,77613731526,71993670203
"China, Hong Kong SAR",1988,US$,93950996699,88644664790
"China, Hong Kong SAR",1989,US$,1.00523E+11,94449838794
"China, Hong Kong SAR",1990,US$,1.07549E+11,1.04028E+11
"China, Hong Kong SAR",1991,US$,1.22437E+11,1.21823E+11
"China, Hong Kong SAR",1992,US$,1.44037E+11,1.47303E+11
"China, Hong Kong SAR",1993,US$,1.61545E+11,1.64385E+11
"China, Hong Kong SAR",1994,US$,1.76462E+11,1.86306E+11
"China, Hong Kong SAR",1995,US$,1.93986E+11,2.09772E+11
"China, Hong Kong SAR",1996,US$,2.06156E+11,2.20049E+11
"China, Hong Kong SAR",1997,US$,2.19089E+11,2.3913E+11
"China, Hong Kong SAR",1998,US$,2.07208E+11,2.22535E+11
"China, Hong Kong SAR",1999,US$,2.1385E+11,2.17436E+11
"China, Hong Kong SAR",2000,US$,2.50024E+11,2.54601E+11
"China, Hong Kong SAR",2001,US$,2.47398E+11,2.5212E+11
"China, Hong Kong SAR",2002,US$,2.68582E+11,2.69875E+11
"China, Hong Kong SAR",2003,US$,3.03779E+11,3.00718E+11
"China, Hong Kong SAR",2004,US$,3.52705E+11,3.44016E+11
"China, Hong Kong SAR",2005,US$,3.9562E+11,3.76114E+11
"China, Hong Kong SAR",2006,US$,4.35875E+11,4.13361E+11
"China, Hong Kong SAR",2007,US$,4.71795E+11,4.50809E+11
"China, Hong Kong SAR",2008,US$,4.88401E+11,4.65447E+11
"China, Hong Kong SAR",2009,US$,4.43854E+11,4.28058E+11
"China, Hong Kong SAR",2010,US$,5.21838E+11,5.06087E+11
"China, Hong Kong SAR",2011,US$,5.46927E+11,5.34442E+11
"China, Hong Kong SAR",2012,US$,5.64456E+11,5.57106E+11
"China, Hong Kong SAR",2013,US$,6.08586E+11,6.03248E+11
"China, Hong Kong SAR",2014,US$,6.14506E+11,6.09438E+11
"China, Hong Kong SAR",2015,US$,6.06079E+11,5.98687E+11
"China, Hong Kong SAR",2016,US$,6.10225E+11,6.03882E+11
"China, Hong Kong SAR",2017,US$,6.45895E+11,6.43825E+11
"China, Hong Kong SAR",2018,US$,6.69497E+11,6.7271E+11
"China, People's Republic of",1980,US$,22734682979,26380485901
"China, People's Republic of",1981,US$,30060302185,32018966592
"China, People's Republic of",1982,US$,33624751735,30238044345
"China, People's Republic of",1983,US$,33913657673,32569619692
"China, People's Republic of",1984,US$,41075667111,42571968092
"China, People's Republic of",1985,US$,48194055396,68744900672
"China, People's Republic of",1986,US$,49535254396,58944545552
"China, People's Republic of",1987,US$,58195404410,54389522377
"China, People's Republic of",1988,US$,72051496912,50620178429
"China, People's Republic of",1989,US$,84544743161,60158303127
"China, People's Republic of",1990,US$,95209696238,61879518299
"China, People's Republic of",1991,US$,1.10801E+11,74852382355
"China, People's Republic of",1992,US$,1.34824E+11,1.00915E+11
"China, People's Republic of",1993,US$,1.71181E+11,1.39121E+11
"China, People's Republic of",1994,US$,2.22319E+11,1.51567E+11
"China, People's Republic of",1995,US$,2.53684E+11,1.69851E+11
"China, People's Republic of",1996,US$,2.86324E+11,1.93096E+11
"China, People's Republic of",1997,US$,3.62409E+11,2.13654E+11
"China, People's Republic of",1998,US$,3.94645E+11,2.33764E+11
"China, People's Republic of",1999,US$,4.23963E+11,2.64448E+11
"China, People's Republic of",2000,US$,4.98223E+11,3.24289E+11
"China, People's Republic of",2001,US$,5.32245E+11,3.66616E+11
"China, People's Republic of",2002,US$,6.33234E+11,4.40583E+11
"China, People's Republic of",2003,US$,7.68415E+11,5.57551E+11
"China, People's Republic of",2004,US$,9.00907E+11,6.71286E+11
"China, People's Republic of",2005,US$,1.0498E+12,7.6125E+11
"China, People's Republic of",2006,US$,1.25697E+12,8.83015E+11
"China, People's Republic of",2007,US$,1.46148E+12,1.00752E+12
"China, People's Republic of",2008,US$,1.53351E+12,1.05761E+12
"China, People's Republic of",2009,US$,1.40669E+12,1.08152E+12
"China, People's Republic of",2010,US$,1.6525E+12,1.31921E+12
"China, People's Republic of",2011,US$,1.85482E+12,1.55309E+12
"China, People's Republic of",2012,US$,1.97896E+12,1.65546E+12
"China, People's Republic of",2013,US$,2.16173E+12,1.83171E+12
"China, People's Republic of",2014,US$,2.35763E+12,1.99114E+12
"China, People's Republic of",2015,US$,2.3621E+12,2.00326E+12
"China, People's Republic of",2016,US$,2.34499E+12,2.07444E+12
"China, People's Republic of",2017,US$,2.53699E+12,2.22685E+12
"China, People's Republic of",2018,US$,2.64386E+12,2.39714E+12
France,1980,US$,1.68807E+11,1.72146E+11
France,1981,US$,1.77E+11,1.69741E+11
France,1982,US$,1.75007E+11,1.75788E+11
France,1983,US$,1.83307E+11,1.71044E+11
France,1984,US$,1.95718E+11,1.76862E+11
France,1985,US$,1.99856E+11,1.85253E+11
France,1986,US$,1.97923E+11,1.976E+11
France,1987,US$,2.03456E+11,2.1276E+11
France,1988,US$,2.20672E+11,2.30724E+11
France,1989,US$,2.42248E+11,2.4934E+11
France,1990,US$,2.52291E+11,2.61912E+11
France,1991,US$,2.68128E+11,2.69654E+11
France,1992,US$,2.84082E+11,2.74419E+11
France,1993,US$,2.85203E+11,2.6531E+11
France,1994,US$,3.08472E+11,2.88823E+11
France,1995,US$,3.35785E+11,3.10551E+11
France,1996,US$,3.50117E+11,3.18146E+11
France,1997,US$,3.95769E+11,3.4352E+11
France,1998,US$,4.30647E+11,3.84401E+11
France,1999,US$,4.52661E+11,4.11119E+11
France,2000,US$,5.10989E+11,4.7424E+11
France,2001,US$,5.26687E+11,4.85535E+11
France,2002,US$,5.37208E+11,4.94982E+11
France,2003,US$,5.32056E+11,4.99405E+11
France,2004,US$,5.60564E+11,5.30387E+11
France,2005,US$,5.8285E+11,5.63909E+11
France,2006,US$,6.17808E+11,5.95491E+11
France,2007,US$,6.35052E+11,6.29766E+11
France,2008,US$,6.37851E+11,6.37921E+11
France,2009,US$,5.68338E+11,5.78247E+11
France,2010,US$,6.17755E+11,6.29667E+11
France,2011,US$,6.57069E+11,6.66423E+11
France,2012,US$,6.75744E+11,6.67758E+11
France,2013,US$,6.90209E+11,6.83907E+11
France,2014,US$,7.12796E+11,7.1741E+11
France,2015,US$,7.45912E+11,7.59723E+11
France,2016,US$,7.59158E+11,7.81973E+11
France,2017,US$,7.92454E+11,8.17059E+11
France,2018,US$,8.27658E+11,8.42492E+11
Germany,1980,US$,2.52726E+11,2.71512E+11
Germany,1981,US$,2.70969E+11,2.63473E+11
Germany,1982,US$,2.81005E+11,2.61418E+11
Germany,1983,US$,2.79598E+11,2.68475E+11
Germany,1984,US$,3.04359E+11,2.82633E+11
Germany,1985,US$,3.27057E+11,2.94023E+11
Germany,1986,US$,3.23165E+11,3.03536E+11
Germany,1987,US$,3.25557E+11,3.17427E+11
Germany,1988,US$,3.43987E+11,3.34801E+11
Germany,1989,US$,3.79347E+11,3.63564E+11
Germany,1990,US$,4.22398E+11,4.02735E+11
Germany,1991,US$,4.68967E+11,4.46639E+11
Germany,1992,US$,4.67234E+11,4.60102E+11
Germany,1993,US$,4.39518E+11,4.29349E+11
Germany,1994,US$,4.74321E+11,4.64721E+11
Germany,1995,US$,5.05659E+11,4.97058E+11
Germany,1996,US$,5.35422E+11,5.17384E+11
Germany,1997,US$,6.00932E+11,5.6503E+11
Germany,1998,US$,6.47073E+11,6.18221E+11
Germany,1999,US$,6.81246E+11,6.73127E+11
Germany,2000,US$,7.75417E+11,7.45719E+11
Germany,2001,US$,8.19353E+11,7.52054E+11
Germany,2002,US$,8.53841E+11,7.32388E+11
Germany,2003,US$,8.70061E+11,7.737E+11
Germany,2004,US$,9.70374E+11,8.34281E+11
Germany,2005,US$,1.03525E+12,8.8404E+11
Germany,2006,US$,1.1625E+12,9.82633E+11
Germany,2007,US$,1.2658E+12,1.04361E+12
Germany,2008,US$,1.29037E+12,1.06763E+12
Germany,2009,US$,1.10612E+12,9.64155E+11
Germany,2010,US$,1.26549E+12,1.08822E+12
Germany,2011,US$,1.37115E+12,1.16794E+12
Germany,2012,US$,1.41099E+12,1.16913E+12
Germany,2013,US$,1.42517E+12,1.20041E+12
Germany,2014,US$,1.49351E+12,1.24753E+12
Germany,2015,US$,1.57477E+12,1.31986E+12
Germany,2016,US$,1.61367E+12,1.37912E+12
Germany,2017,US$,1.6902E+12,1.45237E+12
Germany,2018,US$,1.72878E+12,1.5053E+12
India,1980,US$,16918412460,17745424243
India,1981,US$,16780200187,19525187445
India,1982,US$,17790453485,20199620635
India,1983,US$,17627685375,24640341008
India,1984,US$,18914127758,21109364890
India,1985,US$,17719717447,24037425733
India,1986,US$,18682320014,28143972078
India,1987,US$,21060070915,27674468866
India,1988,US$,22633903357,30218990548
India,1989,US$,25345248834,30848866370
India,1990,US$,28159691262,31887184534
India,1991,US$,30880561260,31892031541
India,1992,US$,32391622551,38630205260
India,1993,US$,36855056551,46073189201
India,1994,US$,41662306695,56486464056
India,1995,US$,54742634958,72373778204
India,1996,US$,58185799131,70607866903
India,1997,US$,56831131181,79928588373
India,1998,US$,64721748338,96590175261
India,1999,US$,76371319677,1.03344E+11
India,2000,US$,90235395615,1.08087E+11
India,2001,US$,94124112112,1.1127E+11
India,2002,US$,1.1397E+11,1.24619E+11
India,2003,US$,1.24891E+11,1.41921E+11
India,2004,US$,1.58832E+11,1.7342E+11
India,2005,US$,2.00263E+11,2.29382E+11
India,2006,US$,2.41105E+11,2.7871E+11
India,2007,US$,2.55249E+11,3.06446E+11
India,2008,US$,2.9297E+11,3.75239E+11
India,2009,US$,2.78808E+11,3.68013E+11
India,2010,US$,3.33114E+11,4.26203E+11
India,2011,US$,3.84723E+11,5.13198E+11
India,2012,US$,4.10906E+11,5.44102E+11
India,2013,US$,4.42925E+11,4.9978E+11
India,2014,US$,4.50798E+11,5.04134E+11
India,2015,US$,4.25341E+11,4.74642E+11
India,2016,US$,4.46542E+11,4.95441E+11
India,2017,US$,4.66883E+11,5.8172E+11
India,2018,US$,5.24443E+11,6.31733E+11
Indonesia,1980,US$,32839986165,29627954568
Indonesia,1981,US$,32056717153,37652354570
Indonesia,1982,US$,27586352544,40737463697
Indonesia,1983,US$,28453712656,39340326847
Indonesia,1984,US$,30314594353,36383688607
Indonesia,1985,US$,27949066773,38304000088
Indonesia,1986,US$,32199848151,39901586987
Indonesia,1987,US$,36909398516,40689355685
Indonesia,1988,US$,37297918500,33082276281
Indonesia,1989,US$,41180497004,36910071875
Indonesia,1990,US$,42563181656,45457827454
Indonesia,1991,US$,50555098948,52607301537
Indonesia,1992,US$,57486497110,57176794273
Indonesia,1993,US$,60997824785,59566031785
Indonesia,1994,US$,67061588329,71655087239
Indonesia,1995,US$,72239051010,86658495702
Indonesia,1996,US$,77701346729,92608031479
Indonesia,1997,US$,83761653561,1.06236E+11
Indonesia,1998,US$,93128650739,1.00615E+11
Indonesia,1999,US$,63509471456,62077618928
Indonesia,2000,US$,80329830254,75170549304
Indonesia,2001,US$,80847941799,78312573812
Indonesia,2002,US$,79864078569,74984717380
Indonesia,2003,US$,84565181613,76157278642
Indonesia,2004,US$,96005438870,96455702371
Indonesia,2005,US$,1.11944E+11,1.13595E+11
Indonesia,2006,US$,1.22472E+11,1.23344E+11
Indonesia,2007,US$,1.32935E+11,1.34525E+11
Indonesia,2008,US$,1.45609E+11,1.4798E+11
Indonesia,2009,US$,1.31499E+11,1.25817E+11
Indonesia,2010,US$,1.51574E+11,1.47639E+11
Indonesia,2011,US$,1.73961E+11,1.69827E+11
Indonesia,2012,US$,1.7676E+11,1.83411E+11
Indonesia,2013,US$,1.84125E+11,1.86826E+11
Indonesia,2014,US$,1.86104E+11,1.90786E+11
Indonesia,2015,US$,1.82158E+11,1.78864E+11
Indonesia,2016,US$,1.79134E+11,1.74562E+11
Indonesia,2017,US$,1.95072E+11,1.88645E+11
Indonesia,2018,US$,2.07842E+11,2.11059E+11
Ireland,1980,US$,13646943683,18754148197
Ireland,1981,US$,13913824666,19074883957
Ireland,1982,US$,14684062400,18480257642
Ireland,1983,US$,16218907065,19342445124
Ireland,1984,US$,18909671411,21248498380
Ireland,1985,US$,20153800272,21937867607
Ireland,1986,US$,20735419573,23172487295
Ireland,1987,US$,23580165605,24603881830
Ireland,1988,US$,25708094606,25810402354
Ireland,1989,US$,28359271369,29284496366
Ireland,1990,US$,30835014320,30773908995
Ireland,1991,US$,32593440100,31512561209
Ireland,1992,US$,37120000390,34085926468
Ireland,1993,US$,40720251905,36657938509
Ireland,1994,US$,46882747204,42334733380
Ireland,1995,US$,56236689812,49281405666
Ireland,1996,US$,63222168077,55610969875
Ireland,1997,US$,74316694347,64866833719
Ireland,1998,US$,91238866301,82884117409
Ireland,1999,US$,1.05629E+11,93340795931
Ireland,2000,US$,1.28009E+11,1.13583E+11
Ireland,2001,US$,1.45941E+11,1.28464E+11
Ireland,2002,US$,1.55392E+11,1.35322E+11
Ireland,2003,US$,1.52754E+11,1.32051E+11
Ireland,2004,US$,1.62714E+11,1.34565E+11
Ireland,2005,US$,1.7163E+11,1.51686E+11
Ireland,2006,US$,1.82016E+11,1.65795E+11
Ireland,2007,US$,1.98218E+11,1.81299E+11
Ireland,2008,US$,1.90679E+11,1.76248E+11
Ireland,2009,US$,1.99543E+11,1.73247E+11
Ireland,2010,US$,2.11535E+11,1.74025E+11
Ireland,2011,US$,2.18303E+11,1.78752E+11
Ireland,2012,US$,2.164E+11,1.76941E+11
Ireland,2013,US$,2.2273E+11,1.78792E+11
Ireland,2014,US$,2.5532E+11,2.05063E+11
Ireland,2015,US$,3.55528E+11,2.71595E+11
Ireland,2016,US$,3.70306E+11,3.2282E+11
Ireland,2017,US$,4.04466E+11,3.26448E+11
Ireland,2018,US$,4.4945E+11,3.39532E+11
Italy,1980,US$,1.59758E+11,1.56941E+11
Italy,1981,US$,1.70683E+11,1.55672E+11
Italy,1982,US$,1.68453E+11,1.55588E+11
Italy,1983,US$,1.74854E+11,1.50819E+11
Italy,1984,US$,1.88322E+11,1.70158E+11
Italy,1985,US$,1.95054E+11,1.77434E+11
Italy,1986,US$,1.98339E+11,1.86867E+11
Italy,1987,US$,2.06498E+11,2.09354E+11
Italy,1988,US$,2.17212E+11,2.21836E+11
Italy,1989,US$,2.35734E+11,2.40801E+11
Italy,1990,US$,2.51901E+11,2.6399E+11
Italy,1991,US$,2.46553E+11,2.69846E+11
Italy,1992,US$,2.63351E+11,2.88559E+11
Italy,1993,US$,2.86256E+11,2.54956E+11
Italy,1994,US$,3.13752E+11,2.74759E+11
Italy,1995,US$,3.52658E+11,3.00334E+11
Italy,1996,US$,3.57731E+11,2.96726E+11
Italy,1997,US$,3.75743E+11,3.27554E+11
Italy,1998,US$,3.85866E+11,3.57151E+11
Italy,1999,US$,3.82091E+11,3.73204E+11
Italy,2000,US$,4.28265E+11,4.14222E+11
Italy,2001,US$,4.39277E+11,4.24292E+11
Italy,2002,US$,4.26957E+11,4.2668E+11
Italy,2003,US$,4.21413E+11,4.29836E+11
Italy,2004,US$,4.47244E+11,4.49493E+11
Italy,2005,US$,4.6163E+11,4.64957E+11
Italy,2006,US$,4.99993E+11,5.01961E+11
Italy,2007,US$,5.30979E+11,5.29339E+11
Italy,2008,US$,5.14152E+11,5.08036E+11
Italy,2009,US$,4.22548E+11,4.41391E+11
Italy,2010,US$,4.72247E+11,4.95095E+11
Italy,2011,US$,4.97842E+11,4.97883E+11
Italy,2012,US$,5.07959E+11,4.57458E+11
Italy,2013,US$,5.0986E+11,4.45097E+11
Italy,2014,US$,5.23194E+11,4.60463E+11
Italy,2015,US$,5.45555E+11,4.90225E+11
Italy,2016,US$,5.55733E+11,5.09477E+11
Italy,2017,US$,5.85945E+11,5.40511E+11
Italy,2018,US$,5.98715E+11,5.59484E+11
Japan,1980,US$,1.57242E+11,2.01647E+11
Japan,1981,US$,1.78326E+11,2.06536E+11
Japan,1982,US$,1.80978E+11,2.05348E+11
Japan,1983,US$,1.89969E+11,1.98715E+11
Japan,1984,US$,2.19135E+11,2.19809E+11
Japan,1985,US$,2.30711E+11,2.14142E+11
Japan,1986,US$,2.19208E+11,2.23273E+11
Japan,1987,US$,2.1943E+11,2.44201E+11
Japan,1988,US$,2.34354E+11,2.90598E+11
Japan,1989,US$,2.56809E+11,3.42327E+11
Japan,1990,US$,2.75877E+11,3.70276E+11
Japan,1991,US$,2.90852E+11,3.66072E+11
Japan,1992,US$,3.04239E+11,3.6356E+11
Japan,1993,US$,3.06735E+11,3.59195E+11
Japan,1994,US$,3.20369E+11,3.88909E+11
Japan,1995,US$,3.33898E+11,4.3916E+11
Japan,1996,US$,3.49955E+11,4.87593E+11
Japan,1997,US$,3.88633E+11,4.89289E+11
Japan,1998,US$,3.79118E+11,4.56466E+11
Japan,1999,US$,3.865E+11,4.72924E+11
Japan,2000,US$,4.35743E+11,5.16748E+11
Japan,2001,US$,4.06514E+11,5.22066E+11
Japan,2002,US$,4.38078E+11,5.25653E+11
Japan,2003,US$,4.79765E+11,5.43507E+11
Japan,2004,US$,5.48246E+11,5.87643E+11
Japan,2005,US$,5.87551E+11,6.23489E+11
Japan,2006,US$,6.48153E+11,6.52837E+11
Japan,2007,US$,7.04361E+11,6.67099E+11
Japan,2008,US$,7.15335E+11,6.71747E+11
Japan,2009,US$,5.47755E+11,5.66616E+11
Japan,2010,US$,6.84204E+11,6.29923E+11
Japan,2011,US$,6.8252E+11,6.66483E+11
Japan,2012,US$,6.81916E+11,7.02537E+11
Japan,2013,US$,6.87107E+11,7.25536E+11
Japan,2014,US$,7.50942E+11,7.85523E+11
Japan,2015,US$,7.73029E+11,7.91424E+11
Japan,2016,US$,7.8627E+11,7.78604E+11
Japan,2017,US$,8.39985E+11,8.04911E+11
Japan,2018,US$,8.68763E+11,8.32049E+11
Malaysia,1980,US$,14907283062,13596703367
Malaysia,1981,US$,14783379741,14356877006
Malaysia,1982,US$,16361828963,16331509054
Malaysia,1983,US$,18380530409,17801822465
Malaysia,1984,US$,20913957886,18959992773
Malaysia,1985,US$,21007544436,17095094093
Malaysia,1986,US$,23483633674,15989231918
Malaysia,1987,US$,26902179023,17344126295
Malaysia,1988,US$,30037987538,21558911026
Malaysia,1989,US$,35457439708,27314511435
Malaysia,1990,US$,41775655146,34494273685
Malaysia,1991,US$,48363819318,43189986754
Malaysia,1992,US$,54455626140,45942898647
Malaysia,1993,US$,60741186489,52850520328
Malaysia,1994,US$,74047590937,66399102463
Malaysia,1995,US$,88090367639,82134397992
Malaysia,1996,US$,96219307753,86147101544
Malaysia,1997,US$,1.01502E+11,91164807431
Malaysia,1998,US$,1.02001E+11,74067895836
Malaysia,1999,US$,1.15428E+11,81891937184
Malaysia,2000,US$,1.33972E+11,1.01852E+11
Malaysia,2001,US$,1.24822E+11,93464688156
Malaysia,2002,US$,1.31596E+11,99246360517
Malaysia,2003,US$,1.38352E+11,1.03746E+11
Malaysia,2004,US$,1.60569E+11,1.24118E+11
Malaysia,2005,US$,1.739E+11,1.35178E+11
Malaysia,2006,US$,1.85518E+11,1.46222E+11
Malaysia,2007,US$,1.92537E+11,1.54865E+11
Malaysia,2008,US$,1.95551E+11,1.58495E+11
Malaysia,2009,US$,1.74273E+11,1.38311E+11
Malaysia,2010,US$,1.93649E+11,1.59953E+11
Malaysia,2011,US$,2.01742E+11,1.70047E+11
Malaysia,2012,US$,1.98228E+11,1.74998E+11
Malaysia,2013,US$,1.98742E+11,1.78015E+11
Malaysia,2014,US$,2.08759E+11,1.85116E+11
Malaysia,2015,US$,2.09287E+11,1.86603E+11
Malaysia,2016,US$,2.12048E+11,1.89279E+11
Malaysia,2017,US$,2.30461E+11,2.0857E+11
Malaysia,2018,US$,2.34915E+11,2.11674E+11
Mexico,1980,US$,28954057737,61467823975
Mexico,1981,US$,32303732443,72359488987
Mexico,1982,US$,39342932100,44969598465
Mexico,1983,US$,44682094451,29772140801
Mexico,1984,US$,47231363750,35075580982
Mexico,1985,US$,45128431408,38928494860
Mexico,1986,US$,47656100776,35976145140
Mexico,1987,US$,52178945236,37827510876
Mexico,1988,US$,55185805149,51715615911
Mexico,1989,US$,58310204580,61007547267
Mexico,1990,US$,61403666091,73053007967
Mexico,1991,US$,64516986771,84140722020
Mexico,1992,US$,67732733979,1.00646E+11
Mexico,1993,US$,1.01874E+11,1.14011E+11
Mexico,1994,US$,1.10834E+11,1.34242E+11
Mexico,1995,US$,1.3322E+11,1.12841E+11
Mexico,1996,US$,1.538E+11,1.32563E+11
Mexico,1997,US$,1.68234E+11,1.63202E+11
Mexico,1998,US$,1.80676E+11,1.87363E+11
Mexico,1999,US$,1.90487E+11,2.08935E+11
Mexico,2000,US$,2.1252E+11,2.51342E+11
Mexico,2001,US$,2.11412E+11,2.49228E+11
Mexico,2002,US$,2.1225E+11,2.52238E+11
Mexico,2003,US$,2.16297E+11,2.58571E+11
Mexico,2004,US$,2.37646E+11,2.75335E+11
Mexico,2005,US$,2.52652E+11,2.90145E+11
Mexico,2006,US$,2.72388E+11,3.15346E+11
Mexico,2007,US$,2.77765E+11,3.30566E+11
Mexico,2008,US$,2.74939E+11,3.41414E+11
Mexico,2009,US$,2.45094E+11,2.86962E+11
Mexico,2010,US$,2.99903E+11,3.35904E+11
Mexico,2011,US$,3.23036E+11,3.54775E+11
Mexico,2012,US$,3.44113E+11,3.73992E+11
Mexico,2013,US$,3.48829E+11,3.81914E+11
Mexico,2014,US$,3.73186E+11,4.04518E+11
Mexico,2015,US$,4.04587E+11,4.28462E+11
Mexico,2016,US$,4.19088E+11,4.40669E+11
Mexico,2017,US$,4.36523E+11,4.68738E+11
Mexico,2018,US$,4.62453E+11,4.96293E+11
Netherlands,1980,US$,1.17896E+11,1.1281E+11
Netherlands,1981,US$,1.21272E+11,1.09855E+11
Netherlands,1982,US$,1.20002E+11,1.08672E+11
Netherlands,1983,US$,1.22736E+11,1.12694E+11
Netherlands,1984,US$,1.32236E+11,1.18953E+11
Netherlands,1985,US$,1.38129E+11,1.25181E+11
Netherlands,1986,US$,1.40957E+11,1.2871E+11
Netherlands,1987,US$,1.46293E+11,1.33274E+11
Netherlands,1988,US$,1.59314E+11,1.44666E+11
Netherlands,1989,US$,1.73034E+11,1.55952E+11
Netherlands,1990,US$,1.82825E+11,1.6215E+11
Netherlands,1991,US$,1.94906E+11,1.72424E+11
Netherlands,1992,US$,2.00643E+11,1.77341E+11
Netherlands,1993,US$,2.08606E+11,1.7804E+11
Netherlands,1994,US$,2.26691E+11,1.94124E+11
Netherlands,1995,US$,2.47567E+11,2.13844E+11
Netherlands,1996,US$,2.57829E+11,2.25188E+11
Netherlands,1997,US$,2.82779E+11,2.4979E+11
Netherlands,1998,US$,3.01721E+11,2.70622E+11
Netherlands,1999,US$,3.28915E+11,2.97096E+11
Netherlands,2000,US$,3.69796E+11,3.30542E+11
Netherlands,2001,US$,3.75242E+11,3.38718E+11
Netherlands,2002,US$,3.77671E+11,3.39671E+11
Netherlands,2003,US$,3.84625E+11,3.46595E+11
Netherlands,2004,US$,4.16213E+11,3.6866E+11
Netherlands,2005,US$,4.40187E+11,3.88669E+11
Netherlands,2006,US$,4.71762E+11,4.18403E+11
Netherlands,2007,US$,4.97024E+11,4.51093E+11
Netherlands,2008,US$,5.0506E+11,4.47932E+11
Netherlands,2009,US$,4.61414E+11,4.12964E+11
Netherlands,2010,US$,5.06299E+11,4.48156E+11
Netherlands,2011,US$,5.32419E+11,4.65507E+11
Netherlands,2012,US$,5.4977E+11,4.75676E+11
Netherlands,2013,US$,5.63395E+11,4.86306E+11
Netherlands,2014,US$,5.89009E+11,5.02192E+11
Netherlands,2015,US$,6.3256E+11,5.75155E+11
Netherlands,2016,US$,6.43112E+11,5.63783E+11
Netherlands,2017,US$,6.84913E+11,5.9868E+11
Netherlands,2018,US$,7.14572E+11,6.26957E+11
Poland,1980,US$,20778721395,22361701207
Poland,1981,US$,16994683494,17963738280
Poland,1982,US$,18049525918,15554560059
Poland,1983,US$,19707135441,16460023014
Poland,1984,US$,22034486186,18012245224
Poland,1985,US$,22101460308,19241087807
Poland,1986,US$,23032048110,20269237537
Poland,1987,US$,24180742429,21203919110
Poland,1988,US$,26463590632,23273571164
Poland,1989,US$,27161531483,24275015706
Poland,1990,US$,31247393554,21778080647
Poland,1991,US$,30711160101,28241103595
Poland,1992,US$,34025966309,28735781934
Poland,1993,US$,35098433214,32513227218
Poland,1994,US$,39680768006,36200777291
Poland,1995,US$,48747844542,44969889906
Poland,1996,US$,54271388778,57313436795
Poland,1997,US$,60893487200,69456161295
Poland,1998,US$,69566786046,82368749171
Poland,1999,US$,67817217138,83298846001
Poland,2000,US$,83826767476,96162090463
Poland,2001,US$,86388115135,91142326569
Poland,2002,US$,90557103064,93612680727
Poland,2003,US$,1.03307E+11,1.02348E+11
Poland,2004,US$,1.0824E+11,1.11107E+11
Poland,2005,US$,1.19032E+11,1.18115E+11
Poland,2006,US$,1.3733E+11,1.39216E+11
Poland,2007,US$,1.51143E+11,1.61208E+11
Poland,2008,US$,1.61801E+11,1.76454E+11
Poland,2009,US$,1.52198E+11,1.54244E+11
Poland,2010,US$,1.71735E+11,1.76177E+11
Poland,2011,US$,1.8491E+11,1.86116E+11
Poland,2012,US$,1.92783E+11,1.85442E+11
Poland,2013,US$,2.03473E+11,1.88354E+11
Poland,2014,US$,2.17122E+11,2.07069E+11
Poland,2015,US$,2.34564E+11,2.21395E+11
Poland,2016,US$,2.56299E+11,2.38843E+11
Poland,2017,US$,2.80974E+11,2.63204E+11
Poland,2018,US$,3.00499E+11,2.82813E+11
Republic of Korea,1980,US$,16828072130,27587316532
Republic of Korea,1981,US$,19160992170,28876350110
Republic of Korea,1982,US$,19553422048,29313424523
Republic of Korea,1983,US$,22771806755,31331445886
Republic of Korea,1984,US$,25645677105,32685015128
Republic of Korea,1985,US$,25977637951,32017645642
Republic of Korea,1986,US$,35076370886,42648172337
Republic of Korea,1987,US$,43647591074,50364781209
Republic of Korea,1988,US$,48307154397,57024508081
Republic of Korea,1989,US$,46536136656,66044383740
Republic of Korea,1990,US$,48903711464,74917065042
Republic of Korea,1991,US$,54880509567,89888543373
Republic of Korea,1992,US$,61534401708,94218444381
Republic of Korea,1993,US$,67725935601,1.00572E+11
Republic of Korea,1994,US$,79982761021,1.24645E+11
Republic of Korea,1995,US$,98343952986,1.52105E+11
Republic of Korea,1996,US$,1.08365E+11,1.73607E+11
Republic of Korea,1997,US$,1.28644E+11,1.77708E+11
Republic of Korea,1998,US$,1.47381E+11,1.34669E+11
Republic of Korea,1999,US$,1.65465E+11,1.67846E+11
Republic of Korea,2000,US$,1.9357E+11,2.04927E+11
Republic of Korea,2001,US$,1.90087E+11,1.97832E+11
Republic of Korea,2002,US$,2.14442E+11,2.27292E+11
Republic of Korea,2003,US$,2.43563E+11,2.5111E+11
Republic of Korea,2004,US$,2.94722E+11,2.81455E+11
Republic of Korea,2005,US$,3.18003E+11,3.03275E+11
Republic of Korea,2006,US$,3.56307E+11,3.41099E+11
Republic of Korea,2007,US$,4.01216E+11,3.79927E+11
Republic of Korea,2008,US$,4.31717E+11,3.92324E+11
Republic of Korea,2009,US$,4.29745E+11,3.65224E+11
Republic of Korea,2010,US$,4.85731E+11,4.29174E+11
Republic of Korea,2011,US$,5.60617E+11,4.91456E+11
Republic of Korea,2012,US$,5.93096E+11,5.04075E+11
Republic of Korea,2013,US$,6.15754E+11,5.12341E+11
Republic of Korea,2014,US$,6.28657E+11,5.18813E+11
Republic of Korea,2015,US$,6.30129E+11,5.29773E+11
Republic of Korea,2016,US$,6.45078E+11,5.57187E+11
Republic of Korea,2017,US$,6.61078E+11,6.06537E+11
Republic of Korea,2018,US$,6.87362E+11,6.16927E+11
Russian Federation,1980,...,...,...
Russian Federation,1981,...,...,...
Russian Federation,1982,...,...,...
Russian Federation,1983,...,...,...
Russian Federation,1984,...,...,...
Russian Federation,1985,...,...,...
Russian Federation,1986,...,...,...
Russian Federation,1987,...,...,...
Russian Federation,1988,...,...,...
Russian Federation,1989,...,...,...
Russian Federation,1990,US$,64003089679,48990382732
Russian Federation,1991,US$,1.73702E+11,1.32958E+11
Russian Federation,1992,US$,1.38961E+11,85093233030
Russian Federation,1993,US$,1.36043E+11,77094476300
Russian Federation,1994,US$,1.42709E+11,84341358342
Russian Federation,1995,US$,1.52984E+11,91172999777
Russian Federation,1996,US$,1.58679E+11,92384662600
Russian Federation,1997,US$,1.57913E+11,92722584390
Russian Federation,1998,US$,1.60871E+11,76605588219
Russian Federation,1999,US$,1.78948E+11,63549581780
Russian Federation,2000,US$,1.96005E+11,84132592757
Russian Federation,2001,US$,2.04273E+11,99880075122
Russian Federation,2002,US$,2.25236E+11,1.1444E+11
Russian Federation,2003,US$,2.53705E+11,1.34214E+11
Russian Federation,2004,US$,2.83662E+11,1.65431E+11
Russian Federation,2005,US$,3.01983E+11,1.92945E+11
Russian Federation,2006,US$,3.24101E+11,2.33993E+11
Russian Federation,2007,US$,3.44418E+11,2.9531E+11
Russian Federation,2008,US$,3.46453E+11,3.38929E+11
Russian Federation,2009,US$,3.30044E+11,2.35828E+11
Russian Federation,2010,US$,3.53305E+11,2.96704E+11
Russian Federation,2011,US$,3.5441E+11,3.56895E+11
Russian Federation,2012,US$,3.59232E+11,3.91447E+11
Russian Federation,2013,US$,3.7562E+11,4.05301E+11
Russian Federation,2014,US$,3.77498E+11,3.75715E+11
Russian Federation,2015,US$,3.91365E+11,2.81641E+11
Russian Federation,2016,US$,4.03767E+11,2.71299E+11
Russian Federation,2017,US$,4.2401E+11,3.18275E+11
Russian Federation,2018,US$,4.4753E+11,3.26643E+11
Saudi Arabia,1980,US$,2.39373E+11,55802618193
Saudi Arabia,1981,US$,2.48335E+11,64461401916
Saudi Arabia,1982,US$,1.79642E+11,75056910779
Saudi Arabia,1983,US$,1.25521E+11,84294331253
Saudi Arabia,1984,US$,1.08956E+11,77337851287
Saudi Arabia,1985,US$,89685174260,59215852667
Saudi Arabia,1986,US$,83499168641,60634729783
Saudi Arabia,1987,US$,92874908764,60550187958
Saudi Arabia,1988,US$,1.02018E+11,62124244049
Saudi Arabia,1989,US$,1.09974E+11,67239289266
Saudi Arabia,1990,US$,1.43434E+11,60452674544
Saudi Arabia,1991,US$,1.4855E+11,76463751032
Saudi Arabia,1992,US$,1.58507E+11,79031977896
Saudi Arabia,1993,US$,1.39334E+11,73523636536
Saudi Arabia,1994,US$,1.38843E+11,57684909460
Saudi Arabia,1995,US$,1.52761E+11,61416691407
Saudi Arabia,1996,US$,1.69221E+11,61012369434
Saudi Arabia,1997,US$,1.69869E+11,61183421244
Saudi Arabia,1998,US$,1.73363E+11,56794655295
Saudi Arabia,1999,US$,1.59836E+11,55564156476
Saudi Arabia,2000,US$,1.69235E+11,68298416026
Saudi Arabia,2001,US$,1.6447E+11,64954592259
Saudi Arabia,2002,US$,1.47572E+11,64688878560
Saudi Arabia,2003,US$,1.78441E+11,73480858002
Saudi Arabia,2004,US$,1.92242E+11,84458542696
Saudi Arabia,2005,US$,2.05125E+11,1.08599E+11
Saudi Arabia,2006,US$,2.09629E+11,1.46589E+11
Saudi Arabia,2007,US$,2.10025E+11,1.80513E+11
Saudi Arabia,2008,US$,2.07531E+11,1.99482E+11
Saudi Arabia,2009,US$,1.85282E+11,1.86818E+11
Saudi Arabia,2010,US$,1.93349E+11,1.99083E+11
Saudi Arabia,2011,US$,2.13006E+11,2.09972E+11
Saudi Arabia,2012,US$,2.20221E+11,2.26048E+11
Saudi Arabia,2013,US$,2.20614E+11,2.34311E+11
Saudi Arabia,2014,US$,2.16522E+11,2.49853E+11
Saudi Arabia,2015,US$,2.1801E+11,2.53555E+11
Saudi Arabia,2016,US$,2.35446E+11,2.02012E+11
Saudi Arabia,2017,US$,2.28201E+11,2.02729E+11
Saudi Arabia,2018,US$,2.43825E+11,2.08085E+11
Singapore,1980,US$,26529412834,25579546488
Singapore,1981,US$,29510301311,28107504591
Singapore,1982,US$,30943065481,29816231157
Singapore,1983,US$,32687214736,31277362573
Singapore,1984,US$,35505609805,33803284054
Singapore,1985,US$,34341970796,32443838307
Singapore,1986,US$,38757878275,35984361646
Singapore,1987,US$,44237121088,40770643536
Singapore,1988,US$,57377120724,51639735966
Singapore,1989,US$,63050788282,56598112487
Singapore,1990,US$,71296055862,64802138454
Singapore,1991,US$,77418362337,69454948812
Singapore,1992,US$,83025475970,74642809085
Singapore,1993,US$,97120433510,88487916644
Singapore,1994,US$,1.1508E+11,1.03057E+11
Singapore,1995,US$,1.39347E+11,1.26665E+11
Singapore,1996,US$,1.52371E+11,1.39367E+11
Singapore,1997,US$,1.6796E+11,1.55018E+11
Singapore,1998,US$,1.60541E+11,1.41928E+11
Singapore,1999,US$,1.73413E+11,1.55286E+11
Singapore,2000,US$,1.9826E+11,1.86373E+11
Singapore,2001,US$,1.91042E+11,1.73656E+11
Singapore,2002,US$,2.05143E+11,1.83277E+11
Singapore,2003,US$,2.33597E+11,2.01402E+11
Singapore,2004,US$,2.78914E+11,2.46965E+11
Singapore,2005,US$,3.14558E+11,2.75546E+11
Singapore,2006,US$,3.49016E+11,3.03927E+11
Singapore,2007,US$,3.78815E+11,3.26612E+11
Singapore,2008,US$,3.98746E+11,3.62135E+11
Singapore,2009,US$,3.7002E+11,3.26118E+11
Singapore,2010,US$,4.35838E+11,3.79298E+11
Singapore,2011,US$,4.69356E+11,4.0087E+11
Singapore,2012,US$,4.75914E+11,4.1122E+11
Singapore,2013,US$,5.05134E+11,4.38001E+11
Singapore,2014,US$,5.2342E+11,4.50127E+11
Singapore,2015,US$,5.49422E+11,4.65345E+11
Singapore,2016,US$,5.49374E+11,4.66381E+11
Singapore,2017,US$,5.83675E+11,5.01527E+11
Singapore,2018,US$,6.31183E+11,5.38077E+11
Spain,1980,US$,58412453866,49152742872
Spain,1981,US$,65008155515,47378978325
Spain,1982,US$,68626286803,49714461462
Spain,1983,US$,75223585841,49117932150
Spain,1984,US$,84279297310,48462857642
Spain,1985,US$,84841585294,52121148349
Spain,1986,US$,85039664066,61076998336
Spain,1987,US$,89517201330,76219663447
Spain,1988,US$,92934059179,88476203081
Spain,1989,US$,94264700863,1.04152E+11
Spain,1990,US$,98687926240,1.14173E+11
Spain,1991,US$,1.06827E+11,1.25982E+11
Spain,1992,US$,1.14847E+11,1.34574E+11
Spain,1993,US$,1.23847E+11,1.27542E+11
Spain,1994,US$,1.44492E+11,1.42139E+11
Spain,1995,US$,1.58076E+11,1.57875E+11
Spain,1996,US$,1.7384E+11,1.69411E+11
Spain,1997,US$,1.98856E+11,1.91245E+11
Spain,1998,US$,2.15056E+11,2.18101E+11
Spain,1999,US$,2.32413E+11,2.47958E+11
Spain,2000,US$,2.56672E+11,2.7169E+11
Spain,2001,US$,2.6679E+11,2.81621E+11
Spain,2002,US$,2.70586E+11,2.91977E+11
Spain,2003,US$,2.80241E+11,3.09592E+11
Spain,2004,US$,2.92303E+11,3.39522E+11
Spain,2005,US$,2.9783E+11,3.63153E+11
Spain,2006,US$,3.11915E+11,3.92979E+11
Spain,2007,US$,3.35611E+11,4.2536E+11
Spain,2008,US$,3.32569E+11,4.01932E+11
Spain,2009,US$,2.96526E+11,3.28368E+11
Spain,2010,US$,3.23401E+11,3.48723E+11
Spain,2011,US$,3.49834E+11,3.46663E+11
Spain,2012,US$,3.53106E+11,3.26435E+11
Spain,2013,US$,3.68566E+11,3.25735E+11
Spain,2014,US$,3.85249E+11,3.47879E+11
Spain,2015,US$,4.01877E+11,3.65541E+11
Spain,2016,US$,4.23463E+11,3.75227E+11
Spain,2017,US$,4.46801E+11,4.00697E+11
Spain,2018,US$,4.56893E+11,4.17539E+11
Sweden,1980,US$,41585348548,49251388047
Sweden,1981,US$,42875153325,47354951076
Sweden,1982,US$,45774689841,49597193861
Sweden,1983,US$,50126076989,50102101077
Sweden,1984,US$,53676321219,52759157498
Sweden,1985,US$,54358075162,56912277716
Sweden,1986,US$,56249620517,58941107464
Sweden,1987,US$,58520030165,63266619554
Sweden,1988,US$,60472784381,66442256834
Sweden,1989,US$,62394240081,71563914593
Sweden,1990,US$,63834353681,72372839519
Sweden,1991,US$,62579507477,68826732415
Sweden,1992,US$,63929511493,69957693887
Sweden,1993,US$,68919617037,68048349855
Sweden,1994,US$,78298335801,76804650236
Sweden,1995,US$,87133357288,82348441864
Sweden,1996,US$,90978954454,85174458439
Sweden,1997,US$,1.03656E+11,95665824162
Sweden,1998,US$,1.12897E+11,1.06122E+11
Sweden,1999,US$,1.21026E+11,1.11862E+11
Sweden,2000,US$,1.35599E+11,1.2556E+11
Sweden,2001,US$,1.36399E+11,1.23753E+11
Sweden,2002,US$,1.38717E+11,1.22477E+11
Sweden,2003,US$,1.44693E+11,1.2633E+11
Sweden,2004,US$,1.60984E+11,1.34967E+11
Sweden,2005,US$,1.71286E+11,1.44198E+11
Sweden,2006,US$,1.8604E+11,1.5621E+11
Sweden,2007,US$,1.94589E+11,1.68748E+11
Sweden,2008,US$,1.98194E+11,1.73904E+11
Sweden,2009,US$,1.69539E+11,1.48627E+11
Sweden,2010,US$,1.8759E+11,1.65694E+11
Sweden,2011,US$,2.00196E+11,1.77432E+11
Sweden,2012,US$,2.0244E+11,1.79231E+11
Sweden,2013,US$,2.00207E+11,1.78873E+11
Sweden,2014,US$,2.08948E+11,1.90291E+11
Sweden,2015,US$,2.21068E+11,2.01825E+11
Sweden,2016,US$,2.26373E+11,2.10846E+11
Sweden,2017,US$,2.35726E+11,2.20816E+11
Sweden,2018,US$,2.45737E+11,2.2926E+11
Switzerland,1980,US$,1.10444E+11,94918341973
Switzerland,1981,US$,1.27268E+11,1.0194E+11
Switzerland,1982,US$,1.24676E+11,1.04075E+11
Switzerland,1983,US$,1.21101E+11,1.05124E+11
Switzerland,1984,US$,1.40275E+11,1.11379E+11
Switzerland,1985,US$,1.51492E+11,1.18115E+11
Switzerland,1986,US$,1.53836E+11,1.3184E+11
Switzerland,1987,US$,1.50181E+11,1.29878E+11
Switzerland,1988,US$,1.61753E+11,1.37834E+11
Switzerland,1989,US$,1.71189E+11,1.47933E+11
Switzerland,1990,US$,1.74728E+11,1.56771E+11
Switzerland,1991,US$,1.7185E+11,1.5167E+11
Switzerland,1992,US$,1.7855E+11,1.53226E+11
Switzerland,1993,US$,1.77324E+11,1.50923E+11
Switzerland,1994,US$,1.79845E+11,1.57655E+11
Switzerland,1995,US$,1.85089E+11,1.66957E+11
Switzerland,1996,US$,1.90661E+11,1.73503E+11
Switzerland,1997,US$,2.18893E+11,1.91283E+11
Switzerland,1998,US$,2.2452E+11,2.01107E+11
Switzerland,1999,US$,2.31927E+11,2.08445E+11
Switzerland,2000,US$,2.60099E+11,2.25217E+11
Switzerland,2001,US$,2.6038E+11,2.27617E+11
Switzerland,2002,US$,2.55809E+11,2.22751E+11
Switzerland,2003,US$,2.52773E+11,2.23634E+11
Switzerland,2004,US$,2.77731E+11,2.33475E+11
Switzerland,2005,US$,2.95856E+11,2.56384E+11
Switzerland,2006,US$,3.14943E+11,2.64159E+11
Switzerland,2007,US$,3.5055E+11,2.79539E+11
Switzerland,2008,US$,3.65338E+11,2.92526E+11
Switzerland,2009,US$,3.33504E+11,2.8337E+11
Switzerland,2010,US$,3.75482E+11,3.06267E+11
Switzerland,2011,US$,3.90381E+11,3.33867E+11
Switzerland,2012,US$,3.942E+11,3.25972E+11
Switzerland,2013,US$,4.48611E+11,3.66804E+11
Switzerland,2014,US$,4.20732E+11,3.39996E+11
Switzerland,2015,US$,4.38119E+11,3.56169E+11
Switzerland,2016,US$,4.66645E+11,3.75085E+11
Switzerland,2017,US$,4.65089E+11,3.71796E+11
Switzerland,2018,US$,4.81024E+11,3.73306E+11
Thailand,1980,US$,12000613964,17691218728
Thailand,1981,US$,13099983330,17790699584
Thailand,1982,US$,14627359903,15188802268
Thailand,1983,US$,13752167226,20165258682
Thailand,1984,US$,16125538800,21704374293
Thailand,1985,US$,17704057409,18954919144
Thailand,1986,US$,20433394764,18778919572
Thailand,1987,US$,24889021708,25080852383
Thailand,1988,US$,31651633928,35003953571
Thailand,1989,US$,38356526952,42532142857
Thailand,1990,US$,43642843167,52643311788
Thailand,1991,US$,51072164041,58581009822
Thailand,1992,US$,58045397681,64104839568
Thailand,1993,US$,65979929251,71531238983
Thailand,1994,US$,74626547472,84035067261
Thailand,1995,US$,86096977383,1.03338E+11
Thailand,1996,US$,82236668529,99981120491
Thailand,1997,US$,89680685242,91296816716
Thailand,1998,US$,99358504656,73443286932
Thailand,1999,US$,1.07939E+11,81813759128
Thailand,2000,US$,1.25028E+11,1.03052E+11
Thailand,2001,US$,1.25002E+11,1.04565E+11
Thailand,2002,US$,1.32362E+11,1.11069E+11
Thailand,2003,US$,1.44451E+11,1.23394E+11
Thailand,2004,US$,1.65586E+11,1.48449E+11
Thailand,2005,US$,1.78435E+11,1.72483E+11
Thailand,2006,US$,1.97684E+11,1.7756E+11
Thailand,2007,US$,2.15266E+11,1.85018E+11
Thailand,2008,US$,2.28749E+11,2.06107E+11
Thailand,2009,US$,2.00978E+11,1.63294E+11
Thailand,2010,US$,2.29558E+11,2.00779E+11
Thailand,2011,US$,2.51388E+11,2.25676E+11
Thailand,2012,US$,2.6365E+11,2.38381E+11
Thailand,2013,US$,2.70818E+11,2.42387E+11
Thailand,2014,US$,2.71511E+11,2.29544E+11
Thailand,2015,US$,2.75776E+11,2.29553E+11
Thailand,2016,US$,2.83563E+11,2.27277E+11
Thailand,2017,US$,2.99013E+11,2.4143E+11
Thailand,2018,US$,3.11556E+11,2.62176E+11
Turkey,1980,US$,6986570628,14993751779
Turkey,1981,US$,11421199812,16867970830
Turkey,1982,US$,15307260461,18259759599
Turkey,1983,US$,17315021579,21350726427
Turkey,1984,US$,21718930944,25562382626
Turkey,1985,US$,21299824588,23871743106
Turkey,1986,US$,20213658631,23028557824
Turkey,1987,US$,25546401986,28323886054
Turkey,1988,US$,30251133461,27045453207
Turkey,1989,US$,30172675187,28909726690
Turkey,1990,US$,30942784401,38453918038
Turkey,1991,US$,32095309446,36447741810
Turkey,1992,US$,35626134442,40426050959
Turkey,1993,US$,38363935342,54892822407
Turkey,1994,US$,44187722470,42884629297
Turkey,1995,US$,47715756529,55571757491
Turkey,1996,US$,58193725648,66977335833
Turkey,1997,US$,69323150408,82005876002
Turkey,1998,US$,77639330893,83920068162
Turkey,1999,US$,69574020460,81060055680
Turkey,2000,US$,82657209990,98657576229
Turkey,2001,US$,86733722762,74949886816
Turkey,2002,US$,93794918925,90786861037
Turkey,2003,US$,1.01025E+11,1.11894E+11
Turkey,2004,US$,1.13313E+11,1.35651E+11
Turkey,2005,US$,1.22754E+11,1.52122E+11
Turkey,2006,US$,1.29752E+11,1.63134E+11
Turkey,2007,US$,1.38805E+11,1.78863E+11
Turkey,2008,US$,1.44196E+11,1.73926E+11
Turkey,2009,US$,1.3898E+11,1.48425E+11
Turkey,2010,US$,1.41373E+11,1.77168E+11
Turkey,2011,US$,1.5964E+11,2.03704E+11
Turkey,2012,US$,1.82784E+11,2.04964E+11
Turkey,2013,US$,1.918E+11,2.27347E+11
Turkey,2014,US$,2.05376E+11,2.28028E+11
Turkey,2015,US$,2.12027E+11,2.29538E+11
Turkey,2016,US$,2.08334E+11,2.36415E+11
Turkey,2017,US$,2.34187E+11,2.61558E+11
Turkey,2018,US$,2.55224E+11,2.44879E+11
United Arab Emirates,1980,US$,56384191689,24025493665
United Arab Emirates,1981,US$,51274226097,24458756911
United Arab Emirates,1982,US$,43948207360,24362335222
United Arab Emirates,1983,US$,38152477403,21926418877
United Arab Emirates,1984,US$,39909378039,21171538551
United Arab Emirates,1985,US$,38561564502,20300571587
United Arab Emirates,1986,US$,26230582873,21229326005
United Arab Emirates,1987,US$,32571256270,21422135683
United Arab Emirates,1988,US$,30620845609,24257418347
United Arab Emirates,1989,US$,38288092456,27604463650
United Arab Emirates,1990,US$,49097927615,30921443714
United Arab Emirates,1991,US$,50532933569,36014273834
United Arab Emirates,1992,US$,52288901334,43414941810
United Arab Emirates,1993,US$,63417890363,36286881420
United Arab Emirates,1994,US$,68744993154,38723468788
United Arab Emirates,1995,US$,70490773849,40032305864
United Arab Emirates,1996,US$,87321556731,49111706239
United Arab Emirates,1997,US$,94014583314,53760139340
United Arab Emirates,1998,US$,91391359193,52729399826
United Arab Emirates,1999,US$,89277429514,52124699311
United Arab Emirates,2000,US$,98921501928,57224232529
United Arab Emirates,2001,US$,95428639659,58524176951
United Arab Emirates,2002,US$,98435137118,66096414184
United Arab Emirates,2003,US$,1.20987E+11,76664318069
United Arab Emirates,2004,US$,1.50682E+11,99462540769
United Arab Emirates,2005,US$,1.67984E+11,1.14317E+11
United Arab Emirates,2006,US$,1.87483E+11,1.35117E+11
United Arab Emirates,2007,US$,2.03902E+11,1.81679E+11
United Arab Emirates,2008,US$,2.30004E+11,2.20555E+11
United Arab Emirates,2009,US$,2.19401E+11,1.86029E+11
United Arab Emirates,2010,US$,2.33246E+11,1.84193E+11
United Arab Emirates,2011,US$,2.7072E+11,2.19203E+11
United Arab Emirates,2012,US$,3.17971E+11,2.37976E+11
United Arab Emirates,2013,US$,3.37347E+11,2.57077E+11
United Arab Emirates,2014,US$,3.43426E+11,2.82437E+11
United Arab Emirates,2015,US$,3.61253E+11,2.66276E+11
United Arab Emirates,2016,US$,3.73553E+11,2.73341E+11
United Arab Emirates,2017,US$,3.64138E+11,2.81412E+11
United Arab Emirates,2018,US$,4.06018E+11,3.12187E+11
United Kingdom of Great Britain and Northern Ireland,1980,US$,2.16914E+11,1.76365E+11
United Kingdom of Great Britain and Northern Ireland,1981,US$,2.15841E+11,1.71538E+11
United Kingdom of Great Britain and Northern Ireland,1982,US$,2.18244E+11,1.79996E+11
United Kingdom of Great Britain and Northern Ireland,1983,US$,2.22636E+11,1.91813E+11
United Kingdom of Great Britain and Northern Ireland,1984,US$,2.37645E+11,2.10757E+11
United Kingdom of Great Britain and Northern Ireland,1985,US$,2.51554E+11,2.16064E+11
United Kingdom of Great Britain and Northern Ireland,1986,US$,2.62029E+11,2.30914E+11
United Kingdom of Great Britain and Northern Ireland,1987,US$,2.77381E+11,2.49123E+11
United Kingdom of Great Britain and Northern Ireland,1988,US$,2.79034E+11,2.80966E+11
United Kingdom of Great Britain and Northern Ireland,1989,US$,2.91746E+11,3.01815E+11
United Kingdom of Great Britain and Northern Ireland,1990,US$,3.07153E+11,3.03513E+11
United Kingdom of Great Britain and Northern Ireland,1991,US$,3.07663E+11,2.90232E+11
United Kingdom of Great Britain and Northern Ireland,1992,US$,3.21599E+11,3.09914E+11
United Kingdom of Great Britain and Northern Ireland,1993,US$,3.36235E+11,3.20205E+11
United Kingdom of Great Britain and Northern Ireland,1994,US$,3.67266E+11,3.39207E+11
United Kingdom of Great Britain and Northern Ireland,1995,US$,4.01958E+11,3.58011E+11
United Kingdom of Great Britain and Northern Ireland,1996,US$,4.30488E+11,3.90914E+11
United Kingdom of Great Britain and Northern Ireland,1997,US$,4.83417E+11,4.28934E+11
United Kingdom of Great Britain and Northern Ireland,1998,US$,4.96238E+11,4.61125E+11
United Kingdom of Great Britain and Northern Ireland,1999,US$,5.1013E+11,4.94269E+11
United Kingdom of Great Britain and Northern Ireland,2000,US$,5.55697E+11,5.4079E+11
United Kingdom of Great Britain and Northern Ireland,2001,US$,5.67857E+11,5.74082E+11
United Kingdom of Great Britain and Northern Ireland,2002,US$,5.73997E+11,6.04337E+11
United Kingdom of Great Britain and Northern Ireland,2003,US$,5.87363E+11,6.15614E+11
United Kingdom of Great Britain and Northern Ireland,2004,US$,6.14717E+11,6.53904E+11
United Kingdom of Great Britain and Northern Ireland,2005,US$,6.63243E+11,6.9909E+11
United Kingdom of Great Britain and Northern Ireland,2006,US$,7.4762E+11,7.71278E+11
United Kingdom of Great Britain and Northern Ireland,2007,US$,7.32573E+11,7.47183E+11
United Kingdom of Great Britain and Northern Ireland,2008,US$,7.35444E+11,7.29584E+11
United Kingdom of Great Britain and Northern Ireland,2009,US$,6.73757E+11,6.71149E+11
United Kingdom of Great Britain and Northern Ireland,2010,US$,7.12992E+11,7.24313E+11
United Kingdom of Great Britain and Northern Ireland,2011,US$,7.645E+11,7.36134E+11
United Kingdom of Great Britain and Northern Ireland,2012,US$,7.69403E+11,7.5051E+11
United Kingdom of Great Britain and Northern Ireland,2013,US$,7.75984E+11,7.73604E+11
United Kingdom of Great Britain and Northern Ireland,2014,US$,7.77813E+11,7.99513E+11
United Kingdom of Great Britain and Northern Ireland,2015,US$,7.99587E+11,8.4278E+11
United Kingdom of Great Britain and Northern Ireland,2016,US$,8.21503E+11,8.76042E+11
United Kingdom of Great Britain and Northern Ireland,2017,US$,8.65929E+11,8.99238E+11
United Kingdom of Great Britain and Northern Ireland,2018,US$,8.92168E+11,9.23693E+11
United States,1980,US$,3.85367E+11,3.67361E+11
United States,1981,US$,3.90063E+11,3.76955E+11
United States,1982,US$,3.60197E+11,3.72157E+11
United States,1983,US$,3.50863E+11,4.1912E+11
United States,1984,US$,3.79469E+11,5.21146E+11
United States,1985,US$,3.92184E+11,5.54967E+11
United States,1986,US$,4.22234E+11,6.02301E+11
United States,1987,US$,4.68379E+11,6.38095E+11
United States,1988,US$,5.44314E+11,6.6316E+11
United States,1989,US$,6.07328E+11,6.92364E+11
United States,1990,US$,6.60906E+11,7.1713E+11
United States,1991,US$,7.04619E+11,7.16057E+11
United States,1992,US$,7.53431E+11,7.66251E+11
United States,1993,US$,7.78109E+11,8.32506E+11
United States,1994,US$,8.46862E+11,9.31811E+11
United States,1995,US$,9.33911E+11,1.00636E+12
United States,1996,US$,1.01026E+12,1.09388E+12
United States,1997,US$,1.13059E+12,1.2412E+12
United States,1998,US$,1.15699E+12,1.38628E+12
United States,1999,US$,1.21463E+12,1.54291E+12
United States,2000,US$,1.31598E+12,1.74171E+12
United States,2001,US$,1.23986E+12,1.6929E+12
United States,2002,US$,1.21833E+12,1.75446E+12
United States,2003,US$,1.24492E+12,1.84074E+12
United States,2004,US$,1.36528E+12,2.05056E+12
United States,2005,US$,1.46259E+12,2.18444E+12
United States,2006,US$,1.59924E+12,2.32928E+12
United States,2007,US$,1.7384E+12,2.38746E+12
United States,2008,US$,1.83677E+12,2.3343E+12
United States,2009,US$,1.68254E+12,2.02889E+12
United States,2010,US$,1.88677E+12,2.29524E+12
United States,2011,US$,2.02146E+12,2.42459E+12
United States,2012,US$,2.09037E+12,2.49022E+12
United States,2013,US$,2.1651E+12,2.52865E+12
United States,2014,US$,2.25635E+12,2.65502E+12
United States,2015,US$,2.26586E+12,2.79243E+12
United States,2016,US$,2.27255E+12,2.83853E+12
United States,2017,US$,2.36153E+12,2.9707E+12
United States,2018,US$,2.43213E+12,3.09238E+12
Viet Nam,1980,US$,4320922970,4213994053
Viet Nam,1981,US$,4568978776,4455540725
Viet Nam,1982,US$,4954156447,4831902368
Viet Nam,1983,US$,5286628387,5155860733
Viet Nam,1984,US$,5727043791,5583457044
Viet Nam,1985,US$,6121317160,5973001979
Viet Nam,1986,US$,6188584787,6034405379
Viet Nam,1987,US$,6399485506,6232569951
Viet Nam,1988,US$,7061067885,6907012417
Viet Nam,1989,US$,6514765478,6337806473
Viet Nam,1990,US$,7584752098,7361181305
Viet Nam,1991,US$,9404676087,9003593452
Viet Nam,1992,US$,11483854102,10959597428
Viet Nam,1993,US$,10259347824,9911384581
Viet Nam,1994,US$,13223154938,12757768566
Viet Nam,1995,US$,13973562955,13482500101
Viet Nam,1996,US$,19029652716,18304185115
Viet Nam,1997,US$,21706016736,20806709481
Viet Nam,1998,US$,23886975161,22910857848
Viet Nam,1999,US$,27883054745,26596367730
Viet Nam,2000,US$,32794998809,31208199495
Viet Nam,2001,US$,34788482709,33105186593
Viet Nam,2002,US$,38737260636,36992135735
Viet Nam,2003,US$,43414059876,41560067610
Viet Nam,2004,US$,47505797135,45263783696
Viet Nam,2005,US$,53939936926,50474391075
Viet Nam,2006,US$,61605230998,58129346360
Viet Nam,2007,US$,68563802844,74186720007
Viet Nam,2008,US$,72038950512,79838335241
Viet Nam,2009,US$,80036658037,85159198739
Viet Nam,2010,US$,91757415268,96848863541
Viet Nam,2011,US$,1.01653E+11,1.00816E+11
Viet Nam,2012,US$,1.17622E+11,1.09985E+11
Viet Nam,2013,US$,1.38057E+11,1.29062E+11
Viet Nam,2014,US$,1.54017E+11,1.45587E+11
Viet Nam,2015,US$,1.7349E+11,1.71962E+11
Viet Nam,2016,US$,1.97542E+11,1.98247E+11
Viet Nam,2017,US$,2.30601E+11,2.32939E+11
Viet Nam,2018,US$,2.63497E+11,2.62772E+11
